iter	Logloss
0	0.6587032685
1	0.5978706341
2	0.569151432
3	0.5448033214
4	0.5282327238
5	0.5160084799
6	0.4983407597
7	0.4702844889
8	0.4423390801
9	0.4182046187
