iter	Logloss
0	0.6931390762
1	0.6931330176
2	0.6931232004
3	0.693111588
4	0.6931036781
5	0.6930935804
6	0.6930815753
7	0.6930723751
8	0.693059753
9	0.6930460088
10	0.6930372014
11	0.6930296281
12	0.6930175108
13	0.6930068521
14	0.6929972032
15	0.6929886762
16	0.6929774004
17	0.6929665173
18	0.6929561391
19	0.6929462096
20	0.692935607
21	0.6929215824
22	0.6929109237
23	0.6929041919
24	0.6928929161
25	0.6928871379
26	0.6928811915
27	0.6928745158
28	0.6928662693
29	0.6928549374
