iter	Logloss
0	0.6906888772
1	0.6880206704
2	0.686612185
3	0.6854680132
4	0.6841603891
5	0.6826574185
6	0.681418071
7	0.6806034581
8	0.6783163038
9	0.6771428878
10	0.6757363466
11	0.6744349317
12	0.6727316894
13	0.6719786855
14	0.6704288456
15	0.6686398994
16	0.6668820538
17	0.6659362414
18	0.6647219566
19	0.6637373144
20	0.6624616097
21	0.6614269706
22	0.6598370211
23	0.6569711349
24	0.65662638
25	0.6551357248
26	0.6527228735
27	0.6516232848
28	0.6511317627
